{
    "accuracy": 0.6532451923076923,
    "precision": 0.7482161060142711,
    "recall": 0.6898496240601504,
    "f1_score": 0.7178484107579463,
    "auc_roc": 0.721124686716792,
    "avg_loss": 0.22586040370739424,
    "final_accuracy": 0.6664663461538461,
    "max_accuracy": 0.6838942307692307,
    "mean_accuracy": 0.6257898351648351,
    "std_accuracy": 0.06854225705490882,
    "accuracy_history": [
        0.39663461538461536,
        0.5528846153846154,
        0.6388221153846154,
        0.6394230769230769,
        0.4170673076923077,
        0.6502403846153846,
        0.46334134615384615,
        0.6484375,
        0.6634615384615384,
        0.6556490384615384,
        0.5546875,
        0.6676682692307693,
        0.6610576923076923,
        0.6730769230769231,
        0.6706730769230769,
        0.6700721153846154,
        0.6688701923076923,
        0.6316105769230769,
        0.6009615384615384,
        0.6045673076923077,
        0.6394230769230769,
        0.6412259615384616,
        0.6009615384615384,
        0.6262019230769231,
        0.6418269230769231,
        0.6508413461538461,
        0.6496394230769231,
        0.6526442307692307,
        0.6838942307692307,
        0.6610576923076923,
        0.6694711538461539,
        0.6634615384615384,
        0.6676682692307693,
        0.6586538461538461,
        0.6664663461538461
    ],
    "precision_history": [
        0.6162790697674418,
        0.6547388781431335,
        0.6392062537582682,
        0.6394230769230769,
        0.8560606060606061,
        0.6697183098591549,
        0.8701298701298701,
        0.7529039070749736,
        0.6757322175732218,
        0.6562698917886697,
        0.8629213483146068,
        0.6715916722632639,
        0.6753155680224404,
        0.6906158357771262,
        0.6697368421052632,
        0.6799440950384347,
        0.6907063197026022,
        0.7055606198723792,
        0.8115264797507789,
        0.7643229166666666,
        0.7473347547974414,
        0.788627935723115,
        0.826797385620915,
        0.7637231503579952,
        0.7326043737574552,
        0.7577374599786553,
        0.7616974972796517,
        0.7607296137339056,
        0.7571701720841301,
        0.7577319587628866,
        0.7539525691699605,
        0.7427745664739884,
        0.7542288557213931,
        0.7470119521912351,
        0.751730959446093
    ],
    "recall_history": [
        0.14943609022556392,
        0.6362781954887218,
        0.9990601503759399,
        1.0,
        0.106203007518797,
        0.893796992481203,
        0.18890977443609022,
        0.6701127819548872,
        0.9107142857142857,
        0.9689849624060151,
        0.3609022556390977,
        0.9398496240601504,
        0.9050751879699248,
        0.8853383458646616,
        0.956766917293233,
        0.9144736842105263,
        0.8731203007518797,
        0.7274436090225563,
        0.48966165413533835,
        0.5516917293233082,
        0.6588345864661654,
        0.599624060150376,
        0.4755639097744361,
        0.6015037593984962,
        0.6926691729323309,
        0.6672932330827067,
        0.6578947368421053,
        0.6663533834586466,
        0.7443609022556391,
        0.6907894736842105,
        0.7171052631578947,
        0.724624060150376,
        0.7124060150375939,
        0.7048872180451128,
        0.7142857142857143
    ],
    "f1_history": [
        0.2405446293494705,
        0.6453765490943755,
        0.7796112944627797,
        0.7800586510263929,
        0.18896321070234115,
        0.7657004830917875,
        0.3104247104247104,
        0.7090999502734957,
        0.7758206565252201,
        0.7825426944971537,
        0.5089463220675945,
        0.7833920877399138,
        0.7734939759036146,
        0.7759472817133444,
        0.7879256965944273,
        0.7799599198396795,
        0.7712743877127439,
        0.7163350300786673,
        0.6107854630715124,
        0.6408296943231441,
        0.7002997002997002,
        0.6812600106780566,
        0.6038186157517899,
        0.6729758149316509,
        0.7120772946859903,
        0.7096451774112943,
        0.7060010085728694,
        0.7104208416833668,
        0.7507109004739336,
        0.7227138643067845,
        0.7350674373795761,
        0.7335870599429114,
        0.7327211213146447,
        0.7253384912959382,
        0.7325301204819277
    ],
    "loss_history": [
        0.33378065950595415,
        0.1518187207671312,
        0.7495970519689413,
        1.480472275843987,
        0.4701246206577008,
        0.19815091932049164,
        0.3522749680739183,
        0.1318889604165004,
        0.180750008385915,
        0.3144118023606447,
        0.33174899220466614,
        0.3557018620463518,
        0.45914598955557895,
        0.3310036366948715,
        0.4291433577354138,
        0.3677119091153145,
        0.3634747192263603,
        0.32507794579634297,
        0.37271691686831987,
        0.3421479658438609,
        0.2709919879069695,
        0.2872467041015625,
        0.3728729990812448,
        0.3019437870154014,
        0.2850305036856578,
        0.2659824886001073,
        0.24899087445094034,
        0.23266047296615747,
        0.22406219232540864,
        0.22835475149062964,
        0.23334680440334174,
        0.23946743458509445,
        0.231256374086325,
        0.22358882599152052,
        0.22930544328231078
    ],