{
    "accuracy": 0.6153846153846154,
    "precision": 0.642664872139973,
    "recall": 0.8975563909774437,
    "f1_score": 0.7490196078431373,
    "auc_roc": 0.4814833959899749,
    "avg_loss": 0.27281883416267544,
    "final_accuracy": 0.6153846153846154,
    "max_accuracy": 0.6436298076923077,
    "mean_accuracy": 0.5966880341880342,
    "std_accuracy": 0.06523190405331394,
    "accuracy_history": [
        0.6322115384615384,
        0.6436298076923077,
        0.6394230769230769,
        0.6352163461538461,
        0.6394230769230769,
        0.6394230769230769,
        0.6334134615384616,
        0.3984375,
        0.5661057692307693,
        0.6165865384615384,
        0.46875,
        0.5534855769230769,
        0.6069711538461539,
        0.5570913461538461,
        0.6394230769230769,
        0.6370192307692307,
        0.6183894230769231,
        0.6153846153846154
    ],
    "precision_history": [
        0.6417816813048933,
        0.6436851738865161,
        0.6430332922318126,
        0.6423676012461059,
        0.6394230769230769,
        0.6394230769230769,
        0.641875,
        0.5785536159600998,
        0.6436974789915967,
        0.6351522842639594,
        0.6190476190476191,
        0.6444644464446445,
        0.6494169096209913,
        0.6415584415584416,
        0.6394230769230769,
        0.6385542168674698,
        0.64762560220234,
        0.642664872139973
    ],
    "recall_history": [
        0.9614661654135338,
        0.9915413533834586,
        0.9802631578947368,
        0.9689849624060151,
        1.0,
        1.0,
        0.9652255639097744,
        0.21804511278195488,
        0.7199248120300752,
        0.9407894736842105,
        0.4398496240601504,
        0.6729323308270677,
        0.8374060150375939,
        0.6964285714285714,
        1.0,
        0.9962406015037594,
        0.8843984962406015,
        0.8975563909774437
    ],
    "f1_history": [
        0.7697516930022574,
        0.780614132445431,
        0.7766195085629188,
        0.7725739977519669,
        0.7800586510263929,
        0.7800586510263929,
        0.771021021021021,
        0.31672354948805465,
        0.6796805678793256,
        0.7583333333333334,
        0.5142857142857143,
        0.6583908045977012,
        0.7315270935960592,
        0.6678684091933303,
        0.7800586510263929,
        0.778267254038179,
        0.7477155343663091,
        0.7490196078431373
    ],
    "loss_history": [
        0.2120817074408898,
        0.37088424597795194,
        0.37675220290055644,
        0.31872416459597075,
        0.5620794296264648,
        0.2992048722047072,
        0.20867610608155912,
        0.21275068045808718,
        0.17470581113145903,
        0.3200270797197635,
        0.13960849178525117,
        0.13024544715881348,
        0.160635762489759,
        0.1316986301770577,
        0.4145752707353005,
        0.3995343658786554,
        0.2577188992156432,
        0.27281883416267544
    ],
    "confusion_matrices": [
        [
            [
                29,
                571
            ],
            [
                41,
                1023
            ]
        ],
        [
            [
                16,
                584
            ],
            [
                9,
                1055
            ]
        ],
        [
            [
                21,
                579
            ],
            [
                21,
                1043
            ]
        ],
        [
            [
                26,
                574
            ],
            [
                33,
                1031
            ]
        ],
        [
            [
                0,
                600
            ],
            [
                0,
                1064
            ]
        ],
        [
            [
                0,
                600
            ],
            [
                0,
                1064
            ]
        ],
        [
            [
                27,
                573
            ],
            [
                37,
                1027
            ]
        ],
        [
            [
                431,
                169
            ],
            [
                832,
                232
            ]
        ],
        [
            [
                176,
                424
            ],
            [
                298,
                766
            ]
        ],
        [
            [
                25,
                575
            ],
            [
                63,
                1001
            ]
        ],
        [
            [
                312,
                288
            ],
            [
                596,
                468
            ]
        ],
        [
            [
                205,
                395
            ],
            [
                348,
                716
            ]
        ],
        [
            [
                119,
                481
            ],
            [
                173,
                891
            ]
        ],
        [
            [
                186,
                414
            ],
            [
                323,
                741
            ]
        ],
        [
            [
                0,
                600
            ],
            [
                0,
                1064
            ]
        ],
        [
            [
                0,
                600
            ],
            [
                4,
                1060
            ]
        ],
        [
            [
                88,
                512
            ],
            [
                123,
                941
            ]
        ],
        [
            [
                69,
                531
            ],
            [
                109,
                955
            ]
        ]
    ],
    "active_honest": 10,
    "active_adversarial": 9,
    "total_active": 19,
    "adversarial_ratio": 0.47368421052631576,
    "honest_removed_count": 0,
    "adversarial_removed_count": 0,
    "rounds_completed": 18,
    "confusion_matrix": [
        [
            69,
            531
        ],
        [
            109,
            955
        ]
    ],
    "timestamp": "2025-12-21T02:14:30.505129",
    "scenario": "Honest Majority"
}