{
    "accuracy": 0.6394230769230769,
    "precision": 0.6394230769230769,
    "recall": 1.0,
    "f1_score": 0.7800586510263929,
    "auc_roc": 0.7361810776942356,
    "avg_loss": 0.8794943369351901,
    "final_accuracy": 0.6394230769230769,
    "max_accuracy": 0.6394230769230769,
    "mean_accuracy": 0.6394230769230769,
    "std_accuracy": 0.0,
    "accuracy_history": [
        0.6394230769230769,
        0.6394230769230769,
        0.6394230769230769,
        0.6394230769230769,
        0.6394230769230769,
        0.6394230769230769,
        0.6394230769230769,
        0.6394230769230769,
        0.6394230769230769,
        0.6394230769230769
    ],
    "precision_history": [
        0.6394230769230769,
        0.6394230769230769,
        0.6394230769230769,
        0.6394230769230769,
        0.6394230769230769,
        0.6394230769230769,
        0.6394230769230769,
        0.6394230769230769,
        0.6394230769230769,
        0.6394230769230769
    ],
    "recall_history": [
        1.0,
        1.0,
        1.0,
        1.0,
        1.0,
        1.0,
        1.0,
        1.0,
        1.0,
        1.0
    ],
    "f1_history": [
        0.7800586510263929,
        0.7800586510263929,
        0.7800586510263929,
        0.7800586510263929,
        0.7800586510263929,
        0.7800586510263929,
        0.7800586510263929,
        0.7800586510263929,
        0.7800586510263929,
        0.7800586510263929
    ],
    "loss_history": [
        0.4702527912763449,
        0.2666798211061038,
        1.564344360278203,
        1.4545391270747552,
        0.538626179099083,
        1.5811089368966909,
        0.47175723772782546,
        1.11124754181275,
        0.5379600169566962,
        0.8794943369351901
    ],
    "confusion_matrices": [
        [
            [
                0,
                600
            ],
            [
                0,
                1064
            ]
        ],
        [
            [
                0,
                600
            ],
            [
                0,
                1064
            ]
        ],
        [
            [
                0,
                600
            ],
            [
                0,
                1064
            ]
        ],
        [
            [
                0,
                600
            ],
            [
                0,
                1064
            ]
        ],
        [
            [
                0,
                600
            ],
            [
                0,
                1064
            ]
        ],
        [
            [
                0,
                600
            ],
            [
                0,
                1064
            ]
        ],
        [
            [
                0,
                600
            ],
            [
                0,
                1064
            ]
        ],
        [
            [
                0,
                600
            ],
            [
                0,
                1064
            ]
        ],
        [
            [
                0,
                600
            ],
            [
                0,
                1064
            ]
        ],
        [
            [
                0,
                600
            ],
            [
                0,
                1064
            ]
        ]
    ],
    "active_honest": 10,
    "active_adversarial": 11,
    "total_active": 21,
    "adversarial_ratio": 0.5238095238095238,
    "honest_removed_count": 0,
    "adversarial_removed_count": 0,
    "rounds_completed": 10,
    "confusion_matrix": [
        [
            0,
            600
        ],
        [
            0,
            1064
        ]
    ],
    "defense_mechanism": "reputation",
    "timestamp": "2025-12-18T21:40:25.659913",
    "scenario": "Adversarial Majority",
    "model_type": "EnhancedV2GClassifier",
    "improvements": [
        "Residual connections",
        "Adaptive learning rate",
        "Reputation-based defense"
    ]
}