{
    "accuracy": 0.6907407407407408,
    "precision": 0.6874593892137751,
    "recall": 0.9814471243042672,
    "f1_score": 0.8085594191822698,
    "auc_roc": 0.5893961073191437,
    "avg_loss": 4.96157875427833,
    "optimal_threshold": 0.0009069207590073347,
    "final_accuracy": 0.5839506172839506,
    "max_accuracy": 0.6277777777777778,
    "mean_accuracy": 0.5934979423868313,
    "std_accuracy": 0.011481850223439876,
    "accuracy_history": [
        0.6277777777777778,
        0.6117283950617284,
        0.6006172839506173,
        0.5969135802469135,
        0.5895061728395061,
        0.5901234567901235,
        0.5882716049382716,
        0.5876543209876544,
        0.5888888888888889,
        0.5907407407407408,
        0.5882716049382716,
        0.587037037037037,
        0.5864197530864198,
        0.5845679012345679,
        0.5839506172839506
    ],
    "precision_history": [
        0.7209302325581395,
        0.7123935666982024,
        0.7090203685741998,
        0.70772238514174,
        0.7042532146389713,
        0.6990384615384615,
        0.6989351403678606,
        0.6986434108527132,
        0.6992263056092843,
        0.703232125367287,
        0.6985507246376812,
        0.6987366375121478,
        0.6984435797665369,
        0.6964112512124151,
        0.6961165048543689
    ],
    "recall_history": [
        0.7189239332096475,
        0.6985157699443414,
        0.6781076066790352,
        0.6716141001855288,
        0.660482374768089,
        0.6743970315398887,
        0.6697588126159555,
        0.6688311688311688,
        0.6706864564007421,
        0.6660482374768089,
        0.6706864564007421,
        0.6669758812615956,
        0.6660482374768089,
        0.6660482374768089,
        0.6651205936920223
    ],
    "f1_history": [
        0.7199256850905713,
        0.7053864168618267,
        0.6932195353247985,
        0.6891956211327939,
        0.6816658688367639,
        0.6864966949952785,
        0.6840360018948365,
        0.6834123222748816,
        0.6846590909090909,
        0.6841353025250118,
        0.6843350686228111,
        0.6824869482676792,
        0.6818613485280152,
        0.6808914177335229,
        0.6802656546489564
    ],
    "loss_history": [
        1.4396284291377435,
        2.275913206430582,
        2.6755509972572327,
        3.0117516013292165,
        3.328630497822395,
        3.439331453580123,
        3.6347871331068187,
        3.7600092062583337,
        3.9500271632121158,
        4.110498446684617,
        4.32235862658574,
        4.479150111858662,
        4.6295638634608345,
        4.828267831068772,
        4.96157875427833
    ],
    "confusion_matrices": [
        [
            [
                242,
                300
            ],
            [
                303,
                775
            ]
        ],
        [
            [
                238,
                304
            ],
            [
                325,
                753
            ]
        ],
        [
            [
                242,
                300
            ],
            [
                347,
                731
            ]
        ],
        [
            [
                243,
                299
            ],
            [
                354,
                724
            ]
        ],
        [
            [
                243,
                299
            ],
            [
                366,
                712
            ]
        ],
        [
            [
                229,
                313
            ],
            [
                351,
                727
            ]
        ],
        [
            [
                231,
                311
            ],
            [
                356,
                722
            ]
        ],
        [
            [
                231,
                311
            ],
            [
                357,
                721
            ]
        ],
        [
            [
                231,
                311
            ],
            [
                355,
                723
            ]
        ],
        [
            [
                239,
                303
            ],
            [
                360,
                718
            ]
        ],
        [
            [
                230,
                312
            ],
            [
                355,
                723
            ]
        ],
        [
            [
                232,
                310
            ],
            [
                359,
                719
            ]
        ],
        [
            [
                232,
                310
            ],
            [
                360,
                718
            ]
        ],
        [
            [
                229,
                313
            ],
            [
                360,
                718
            ]
        ],
        [
            [
                229,
                313
            ],
            [
                361,
                717
            ]
        ]
    ],
    "active_honest": 3,
    "active_adversarial": 0,
    "total_active": 3,
    "adversarial_ratio": 0.0,
    "honest_removed_count": 0,
    "adversarial_removed_count": 0,
    "rounds_completed": 15,
    "confusion_matrix": [
        [
            61,
            481
        ],
        [
            20,
            1058
        ]
    ],
    "timestamp": "2026-01-24T00:16:14.516235",
    "scenario": "Honest Majority"
}