{
    "accuracy": 0.7043269230769231,
    "final_round_accuracy": 0.7043269230769231,
    "max_accuracy": 0.7518028846153846,
    "mean_accuracy": 0.6781593406593407,
    "adversarial_ratio": 0.5238095238095238,
    "active_honest": 10,
    "active_adversarial": 11,
    "total_active": 21,
    "rounds_completed": 35,
    "accuracy_history": [
        0.6364182692307693,
        0.6472355769230769,
        0.6394230769230769,
        0.6394230769230769,
        0.6442307692307693,
        0.6496394230769231,
        0.7403846153846154,
        0.6754807692307693,
        0.6598557692307693,
        0.6556490384615384,
        0.7518028846153846,
        0.6538461538461539,
        0.6448317307692307,
        0.6592548076923077,
        0.6526442307692307,
        0.6556490384615384,
        0.6676682692307693,
        0.6820913461538461,
        0.7007211538461539,
        0.7019230769230769,
        0.6905048076923077,
        0.6838942307692307,
        0.7001201923076923,
        0.6893028846153846,
        0.6808894230769231,
        0.6935096153846154,
        0.6905048076923077,
        0.6814903846153846,
        0.6574519230769231,
        0.7073317307692307,
        0.6832932692307693,
        0.6826923076923077,
        0.7181490384615384,
        0.7139423076923077,
        0.7043269230769231
    ]
}