{
    "accuracy": 0.6165865384615384,
    "precision": 0.6464924346629987,
    "recall": 0.8834586466165414,
    "f1_score": 0.7466243050039715,
    "auc_roc": 0.48157738095238095,
    "avg_loss": 0.16089006484701082,
    "final_accuracy": 0.6165865384615384,
    "max_accuracy": 0.6394230769230769,
    "mean_accuracy": 0.5389823717948717,
    "std_accuracy": 0.09839874090840944,
    "accuracy_history": [
        0.6286057692307693,
        0.5691105769230769,
        0.6394230769230769,
        0.6394230769230769,
        0.6364182692307693,
        0.5174278846153846,
        0.39002403846153844,
        0.40865384615384615,
        0.42007211538461536,
        0.47716346153846156,
        0.359375,
        0.5691105769230769,
        0.625,
        0.5883413461538461,
        0.6165865384615384
    ],
    "precision_history": [
        0.6446173800259404,
        0.6561656165616562,
        0.6394230769230769,
        0.6394230769230769,
        0.6400244051250763,
        0.6251198465963567,
        0.5865724381625441,
        0.6041666666666666,
        0.6127562642369021,
        0.6146572104018913,
        0.4838709677419355,
        0.6411716842961758,
        0.6392405063291139,
        0.6432350718065004,
        0.6464924346629987
    ],
    "recall_history": [
        0.9342105263157895,
        0.6851503759398496,
        1.0,
        1.0,
        0.9859022556390977,
        0.6127819548872181,
        0.15601503759398497,
        0.21804511278195488,
        0.25281954887218044,
        0.48872180451127817,
        0.02819548872180451,
        0.7406015037593985,
        0.9492481203007519,
        0.799812030075188,
        0.8834586466165414
    ],
    "f1_history": [
        0.7628549501151191,
        0.670344827586207,
        0.7800586510263929,
        0.7800586510263929,
        0.776174620791713,
        0.618889416231609,
        0.24647364513734224,
        0.32044198895027626,
        0.3579507651363939,
        0.544502617801047,
        0.05328596802841917,
        0.6873092019188837,
        0.7639939485627837,
        0.7130289065772937,
        0.7466243050039715
    ],
    "loss_history": [
        0.12499048474889535,
        0.06824429677082942,
        0.43680458802443284,
        0.8548316542918866,
        0.20167997622719178,
        0.08656428482096928,
        0.17633523132938606,
        0.1586604009454067,
        0.18164766465242094,
        0.13369452179624483,
        0.3730052715310684,
        0.08940252518424621,
        0.1675891111103388,
        0.11694542089333901,
        0.16089006484701082
    ],
    "confusion_matrices": [
        [
            [
                52,
                548
            ],
            [
                70,
                994
            ]
        ],
        [
            [
                218,
                382
            ],
            [
                335,
                729
            ]
        ],
        [
            [
                0,
                600
            ],
            [
                0,
                1064
            ]
        ],
        [
            [
                0,
                600
            ],
            [
                0,
                1064
            ]
        ],
        [
            [
                10,
                590
            ],
            [
                15,
                1049
            ]
        ],
        [
            [
                209,
                391
            ],
            [
                412,
                652
            ]
        ],
        [
            [
                483,
                117
            ],
            [
                898,
                166
            ]
        ],
        [
            [
                448,
                152
            ],
            [
                832,
                232
            ]
        ],
        [
            [
                430,
                170
            ],
            [
                795,
                269
            ]
        ],
        [
            [
                274,
                326
            ],
            [
                544,
                520
            ]
        ],
        [
            [
                568,
                32
            ],
            [
                1034,
                30
            ]
        ],
        [
            [
                159,
                441
            ],
            [
                276,
                788
            ]
        ],
        [
            [
                30,
                570
            ],
            [
                54,
                1010
            ]
        ],
        [
            [
                128,
                472
            ],
            [
                213,
                851
            ]
        ],
        [
            [
                86,
                514
            ],
            [
                124,
                940
            ]
        ]
    ],
    "active_honest": 10,
    "active_adversarial": 11,
    "total_active": 21,
    "adversarial_ratio": 0.5238095238095238,
    "honest_removed_count": 0,
    "adversarial_removed_count": 0,
    "rounds_completed": 15,
    "confusion_matrix": [
        [
            86,
            514
        ],
        [
            124,
            940
        ]
    ],
    "timestamp": "2025-12-21T02:14:49.725894",
    "scenario": "Adversarial Majority"
}