{
    "accuracy": 0.6394230769230769,
    "precision": 0.6394230769230769,
    "recall": 1.0,
    "f1_score": 0.7800586510263929,
    "auc_roc": 0.8094987468671679,
    "avg_loss": 1.1655717354554396,
    "final_accuracy": 0.6394230769230769,
    "max_accuracy": 0.6394230769230769,
    "mean_accuracy": 0.6394230769230769,
    "std_accuracy": 0.0,
    "accuracy_history": [
        0.6394230769230769,
        0.6394230769230769,
        0.6394230769230769,
        0.6394230769230769,
        0.6394230769230769,
        0.6394230769230769,
        0.6394230769230769,
        0.6394230769230769,
        0.6394230769230769,
        0.6394230769230769
    ],
    "precision_history": [
        0.6394230769230769,
        0.6394230769230769,
        0.6394230769230769,
        0.6394230769230769,
        0.6394230769230769,
        0.6394230769230769,
        0.6394230769230769,
        0.6394230769230769,
        0.6394230769230769,
        0.6394230769230769
    ],
    "recall_history": [
        1.0,
        1.0,
        1.0,
        1.0,
        1.0,
        1.0,
        1.0,
        1.0,
        1.0,
        1.0
    ],
    "f1_history": [
        0.7800586510263929,
        0.7800586510263929,
        0.7800586510263929,
        0.7800586510263929,
        0.7800586510263929,
        0.7800586510263929,
        0.7800586510263929,
        0.7800586510263929,
        0.7800586510263929,
        0.7800586510263929
    ],
    "loss_history": [
        0.7553860522233523,
        1.3178395995726953,
        0.657711421067898,
        0.8276781829503866,
        0.6258606784618818,
        1.4711535710554857,
        1.5026572942733765,
        0.27150150732352185,
        1.5419300015156086,
        1.1655717354554396
    ],
    "confusion_matrices": [
        [
            [
                0,
                600
            ],
            [
                0,
                1064
            ]
        ],
        [
            [
                0,
                600
            ],
            [
                0,
                1064
            ]
        ],
        [
            [
                0,
                600
            ],
            [
                0,
                1064
            ]
        ],
        [
            [
                0,
                600
            ],
            [
                0,
                1064
            ]
        ],
        [
            [
                0,
                600
            ],
            [
                0,
                1064
            ]
        ],
        [
            [
                0,
                600
            ],
            [
                0,
                1064
            ]
        ],
        [
            [
                0,
                600
            ],
            [
                0,
                1064
            ]
        ],
        [
            [
                0,
                600
            ],
            [
                0,
                1064
            ]
        ],
        [
            [
                0,
                600
            ],
            [
                0,
                1064
            ]
        ],
        [
            [
                0,
                600
            ],
            [
                0,
                1064
            ]
        ]
    ],
    "active_honest": 10,
    "active_adversarial": 9,
    "total_active": 19,
    "adversarial_ratio": 0.47368421052631576,
    "honest_removed_count": 0,
    "adversarial_removed_count": 0,
    "rounds_completed": 10,
    "confusion_matrix": [
        [
            0,
            600
        ],
        [
            0,
            1064
        ]
    ],
    "defense_mechanism": "reputation",
    "timestamp": "2025-12-18T21:40:16.734736",
    "scenario": "Honest Majority",
    "model_type": "EnhancedV2GClassifier",
    "improvements": [
        "Residual connections",
        "Adaptive learning rate",
        "Reputation-based defense"
    ]
}