{
    "accuracy": 0.6981481481481482,
    "precision": 0.6946463978849967,
    "recall": 0.9749536178107606,
    "f1_score": 0.811269780007719,
    "auc_roc": 0.5797576830128227,
    "avg_loss": 5.0640755616701565,
    "optimal_threshold": 0.0008962810970842838,
    "final_accuracy": 0.5796296296296296,
    "max_accuracy": 0.6351851851851852,
    "mean_accuracy": 0.5920576131687242,
    "std_accuracy": 0.013022334478828963,
    "accuracy_history": [
        0.6351851851851852,
        0.6024691358024692,
        0.5987654320987654,
        0.5938271604938271,
        0.5895061728395061,
        0.5950617283950618,
        0.5882716049382716,
        0.5882716049382716,
        0.5888888888888889,
        0.5864197530864198,
        0.5839506172839506,
        0.5839506172839506,
        0.5845679012345679,
        0.5820987654320988,
        0.5796296296296296
    ],
    "precision_history": [
        0.7219690063810392,
        0.702048417132216,
        0.7053742802303263,
        0.7046783625730995,
        0.7034482758620689,
        0.7005703422053232,
        0.697786333012512,
        0.6985507246376812,
        0.6988416988416989,
        0.6996086105675147,
        0.6961165048543689,
        0.6957364341085271,
        0.6964112512124151,
        0.6952288218111002,
        0.6932814021421616
    ],
    "recall_history": [
        0.7346938775510204,
        0.699443413729128,
        0.6818181818181818,
        0.6706864564007421,
        0.6623376623376623,
        0.6836734693877551,
        0.6725417439703154,
        0.6706864564007421,
        0.6716141001855288,
        0.6632653061224489,
        0.6651205936920223,
        0.6660482374768089,
        0.6660482374768089,
        0.6623376623376623,
        0.660482374768089
    ],
    "f1_history": [
        0.7282758620689656,
        0.7007434944237918,
        0.6933962264150944,
        0.6872623574144487,
        0.6822742474916388,
        0.692018779342723,
        0.684931506849315,
        0.6843350686228111,
        0.684957426679281,
        0.680952380952381,
        0.6802656546489564,
        0.680568720379147,
        0.6808914177335229,
        0.6783847980997624,
        0.6764845605700712
    ],
    "loss_history": [
        1.4900184113245745,
        2.2899261254530687,
        2.7229295739760766,
        3.067252356272477,
        3.3147003879913917,
        3.4704287556501536,
        3.701396868779109,
        3.8786543240913978,
        4.050305357346168,
        4.206010460853577,
        4.401841713831975,
        4.550170320730943,
        4.708770531874436,
        4.924246577116159,
        5.0640755616701565
    ],
    "confusion_matrices": [
        [
            [
                237,
                305
            ],
            [
                286,
                792
            ]
        ],
        [
            [
                222,
                320
            ],
            [
                324,
                754
            ]
        ],
        [
            [
                235,
                307
            ],
            [
                343,
                735
            ]
        ],
        [
            [
                239,
                303
            ],
            [
                355,
                723
            ]
        ],
        [
            [
                241,
                301
            ],
            [
                364,
                714
            ]
        ],
        [
            [
                227,
                315
            ],
            [
                341,
                737
            ]
        ],
        [
            [
                228,
                314
            ],
            [
                353,
                725
            ]
        ],
        [
            [
                230,
                312
            ],
            [
                355,
                723
            ]
        ],
        [
            [
                230,
                312
            ],
            [
                354,
                724
            ]
        ],
        [
            [
                235,
                307
            ],
            [
                363,
                715
            ]
        ],
        [
            [
                229,
                313
            ],
            [
                361,
                717
            ]
        ],
        [
            [
                228,
                314
            ],
            [
                360,
                718
            ]
        ],
        [
            [
                229,
                313
            ],
            [
                360,
                718
            ]
        ],
        [
            [
                229,
                313
            ],
            [
                364,
                714
            ]
        ],
        [
            [
                227,
                315
            ],
            [
                366,
                712
            ]
        ]
    ],
    "active_honest": 3,
    "active_adversarial": 0,
    "total_active": 3,
    "adversarial_ratio": 0.0,
    "honest_removed_count": 0,
    "adversarial_removed_count": 0,
    "rounds_completed": 15,
    "confusion_matrix": [
        [
            80,
            462
        ],
        [
            27,
            1051
        ]
    ],
    "timestamp": "2026-01-24T00:16:10.351675",
    "scenario": "Honest Majority"
}