{
    "accuracy": 0.6850961538461539,
    "final_round_accuracy": 0.6850961538461539,
    "max_accuracy": 0.7121394230769231,
    "mean_accuracy": 0.6609375,
    "adversarial_ratio": 0.47368421052631576,
    "active_honest": 10,
    "active_adversarial": 9,
    "total_active": 19,
    "rounds_completed": 35,
    "accuracy_history": [
        0.6394230769230769,
        0.6394230769230769,
        0.6394230769230769,
        0.6394230769230769,
        0.6394230769230769,
        0.6412259615384616,
        0.6400240384615384,
        0.6917067307692307,
        0.6394230769230769,
        0.6394230769230769,
        0.6616586538461539,
        0.6526442307692307,
        0.6394230769230769,
        0.671875,
        0.6394230769230769,
        0.6418269230769231,
        0.6730769230769231,
        0.6622596153846154,
        0.6682692307692307,
        0.6688701923076923,
        0.6778846153846154,
        0.6724759615384616,
        0.6953125,
        0.6832932692307693,
        0.6508413461538461,
        0.6646634615384616,
        0.6388221153846154,
        0.6472355769230769,
        0.6574519230769231,
        0.6760817307692307,
        0.6604567307692307,
        0.6748798076923077,
        0.7121394230769231,
        0.7079326923076923,
        0.6850961538461539
    ]
}