{
    "accuracy": 0.6544471153846154,
    "precision": 0.7165633303808681,
    "recall": 0.7603383458646616,
    "f1_score": 0.7378020975832194,
    "auc_roc": 0.6967747493734335,
    "avg_loss": 0.3243110002233432,
    "final_accuracy": 0.6580528846153846,
    "max_accuracy": 0.6772836538461539,
    "mean_accuracy": 0.6320570054945054,
    "std_accuracy": 0.05213242363105815,
    "accuracy_history": [
        0.42788461538461536,
        0.6388221153846154,
        0.6418269230769231,
        0.6400240384615384,
        0.6394230769230769,
        0.6382211538461539,
        0.5985576923076923,
        0.4951923076923077,
        0.640625,
        0.6400240384615384,
        0.5799278846153846,
        0.6616586538461539,
        0.6676682692307693,
        0.6622596153846154,
        0.6436298076923077,
        0.6646634615384616,
        0.6646634615384616,
        0.6772836538461539,
        0.625,
        0.6532451923076923,
        0.6316105769230769,
        0.5685096153846154,
        0.546875,
        0.5991586538461539,
        0.6472355769230769,
        0.6544471153846154,
        0.6682692307692307,
        0.6748798076923077,
        0.6580528846153846,
        0.6634615384615384,
        0.6676682692307693,
        0.6502403846153846,
        0.6688701923076923,
        0.6640625,
        0.6580528846153846
    ],
    "precision_history": [
        0.6233480176211453,
        0.6400483968542044,
        0.6432068543451652,
        0.6401446654611211,
        0.6394230769230769,
        0.6871961102106969,
        0.7432432432432432,
        0.8809523809523809,
        0.6408706166868199,
        0.6418547895057962,
        0.7190876350540216,
        0.6777856635911994,
        0.6684245220830587,
        0.724910394265233,
        0.6447449293177627,
        0.6714092140921409,
        0.7056910569105691,
        0.6815988973121985,
        0.7842377260981912,
        0.729068673565381,
        0.7643610785463072,
        0.8045774647887324,
        0.8604651162790697,
        0.7906295754026355,
        0.7277936962750716,
        0.7487283825025433,
        0.7184300341296929,
        0.7141687141687142,
        0.7157802964254577,
        0.7299270072992701,
        0.7208297320656871,
        0.7102966841186736,
        0.7263901147396293,
        0.7228596646072374,
        0.72
    ],
    "recall_history": [
        0.26597744360902253,
        0.9943609022556391,
        0.9877819548872181,
        0.9981203007518797,
        1.0,
        0.7969924812030075,
        0.568609022556391,
        0.24342105263157895,
        0.9962406015037594,
        0.9887218045112782,
        0.5629699248120301,
        0.8975563909774437,
        0.9530075187969925,
        0.7603383458646616,
        0.9859022556390977,
        0.931390977443609,
        0.8157894736842105,
        0.9295112781954887,
        0.5704887218045113,
        0.7283834586466166,
        0.6127819548872181,
        0.42951127819548873,
        0.34774436090225563,
        0.5075187969924813,
        0.7161654135338346,
        0.6917293233082706,
        0.7913533834586466,
        0.8195488721804511,
        0.7716165413533834,
        0.7518796992481203,
        0.7838345864661654,
        0.7650375939849624,
        0.7734962406015038,
        0.7697368421052632,
        0.7612781954887218
    ],
    "f1_history": [
        0.37285902503293805,
        0.7788001472211998,
        0.7790956263899185,
        0.7800220345207491,
        0.7800586510263929,
        0.7380330722367275,
        0.6443024494142705,
        0.3814432989690722,
        0.7799852832965415,
        0.7783943766185719,
        0.6315234580917238,
        0.772341285887586,
        0.7857419604804339,
        0.7422018348623853,
        0.779635823114084,
        0.7803149606299212,
        0.7567567567567568,
        0.7864811133200795,
        0.660500544069641,
        0.7287259050305595,
        0.6802295252999478,
        0.5600490196078431,
        0.4953145917001338,
        0.618202633085289,
        0.7219327333017527,
        0.7191011235955056,
        0.7531305903398926,
        0.7632385120350109,
        0.7426503844414292,
        0.7407407407407407,
        0.7510130571814498,
        0.7366515837104072,
        0.749203459262631,
        0.7455621301775147,
        0.7400639561443582
    ],
    "loss_history": [
        0.24467792361974716,
        0.47907393826888156,
        0.4113782329054979,
        0.5557716683699534,
        1.0071547306500948,
        0.21193028757205376,
        0.2008616872704946,
        0.39264154778077054,
        0.6908356776604285,
        0.6154788205256829,
        0.26425289993102735,
        0.329191508774574,
        0.467983053280757,
        0.25677688075945926,
        0.79615541604849,
        0.5121127653580445,
        0.3529176448400204,
        0.44220056098241073,
        0.25507709555901015,
        0.27371717817508256,
        0.2859673803815475,
        0.4145944806245657,
        0.5979326906112524,
        0.4333168612076686,
        0.3305271560182938,
        0.32328198620906246,
        0.3265637102035376,
        0.3374294271835914,
        0.31063598509018236,
        0.3005084521495379,
        0.31564649309103304,
        0.3174645436497835,
        0.3145510170322198,
        0.31673000237116444,
        0.31190007008039033
    ],